doc_id,applicant_id,application_id,doc_type,period_covered,employer_name,basic_salary,variable_pay,gross_income,cpf_employee_deduct,net_income,commission_amount,assessed_year_income,tax_assessed,doc_verified,ocr_confidence,extraction_date
DOC-APP0001-PS-1,APP0001,LA0001,Payslip,2026-05,Long Inc,10197.14,1499.58,11696.72,2339.34,9357.38,0.0,,,True,0.895,2026-05-20
DOC-APP0001-PS-2,APP0001,LA0001,Payslip,2026-04,Rodriguez-Wilson,10255.19,1508.12,11763.31,2352.66,9410.65,0.0,,,True,0.966,2026-05-20
DOC-APP0001-PS-3,APP0001,LA0001,Payslip,2026-03,James LLC,10163.47,1494.63,11658.09,2331.62,9326.47,0.0,,,True,0.887,2026-05-20
DOC-APP0001-NOA-2025,APP0001,LA0001,NOA,2025,,,,,,,,154603.14,4616.5,True,0.942,2026-05-20
DOC-APP0001-NOA-2024,APP0001,LA0001,NOA,2024,,,,,,,,147699.8,4616.5,True,0.986,2026-05-20
DOC-APP0002-PS-1,APP0002,LA0002,Payslip,2026-05,Price-Price,10014.47,910.41,10924.87,2184.97,8739.9,0.0,,,True,0.962,2026-05-13
DOC-APP0002-PS-2,APP0002,LA0002,Payslip,2026-04,Perry and Sons,10109.29,919.03,11028.32,2205.66,8822.66,0.0,,,True,0.872,2026-05-13
DOC-APP0002-PS-3,APP0002,LA0002,Payslip,2026-03,Miller PLC,9791.1,890.1,10681.2,2136.24,8544.96,0.0,,,True,0.944,2026-05-13
DOC-APP0002-NOA-2025,APP0002,LA0002,NOA,2025,,,,,,,,499345.48,16271.5,True,0.86,2026-05-13
DOC-APP0002-NOA-2024,APP0002,LA0002,NOA,2024,,,,,,,,489988.0,16271.5,True,0.99,2026-05-13
DOC-APP0003-PS-1,APP0003,LA0003,Payslip,2026-05,Rubio-Sullivan,10657.61,996.04,11653.65,2330.73,9322.92,0.0,,,True,0.92,2026-04-15
DOC-APP0003-PS-2,APP0003,LA0003,Payslip,2026-04,"Larson, Martin and Brown",10939.2,1022.35,11961.55,2392.31,9569.24,0.0,,,True,0.932,2026-04-15
DOC-APP0003-PS-3,APP0003,LA0003,Payslip,2026-03,Garcia-Rogers,10959.0,1024.21,11983.2,2396.64,9586.56,0.0,,,True,0.951,2026-04-15
DOC-APP0003-NOA-2025,APP0003,LA0003,NOA,2025,,,,,,,,179778.21,5698.0,True,0.87,2026-04-15
DOC-APP0003-NOA-2024,APP0003,LA0003,NOA,2024,,,,,,,,183255.78,5698.0,True,0.961,2026-04-15
DOC-APP0003-COMM,APP0003,LA0003,Commission Statement,2025,Wallace Inc,,,,,,4646.43,,,True,0.898,2026-04-15
DOC-APP0004-PS-1,APP0004,LA0004,Payslip,2026-05,Peterson-Anderson,6792.7,984.45,7777.15,1555.43,6221.72,0.0,,,True,0.827,2026-06-16
DOC-APP0004-PS-2,APP0004,LA0004,Payslip,2026-04,Olsen Inc,6883.92,997.67,7881.59,1576.32,6305.27,0.0,,,True,0.849,2026-06-16
DOC-APP0004-PS-3,APP0004,LA0004,Payslip,2026-03,Allen-Kim,6696.89,970.56,7667.45,1533.49,6133.96,0.0,,,True,0.971,2026-06-16
DOC-APP0004-NOA-2025,APP0004,LA0004,NOA,2025,,,,,,,,682562.57,22855.0,True,0.912,2026-06-16
DOC-APP0004-NOA-2024,APP0004,LA0004,NOA,2024,,,,,,,,664685.25,22855.0,True,0.939,2026-06-16
DOC-APP0005-PS-1,APP0005,LA0005,Payslip,2026-05,Perez Ltd,5516.03,788.0,6304.04,1260.81,5043.23,0.0,,,True,0.838,2026-04-14
DOC-APP0005-PS-2,APP0005,LA0005,Payslip,2026-04,Long-Scott,5561.26,794.47,6355.72,1271.14,5084.58,0.0,,,True,0.845,2026-04-14
DOC-APP0005-PS-3,APP0005,LA0005,Payslip,2026-03,Edwards PLC,5624.17,803.45,6427.62,1285.52,5142.1,0.0,,,True,0.989,2026-04-14
DOC-APP0005-NOA-2025,APP0005,LA0005,NOA,2025,,,,,,,,86558.42,2380.0,False,0.942,2026-04-14
DOC-APP0005-NOA-2024,APP0005,LA0005,NOA,2024,,,,,,,,86412.34,2380.0,True,0.946,2026-04-14
DOC-APP0006-PS-1,APP0006,LA0006,Payslip,2026-05,Williams-Perry,14399.55,1362.12,15761.67,3152.33,12609.34,0.0,,,True,0.894,2026-01-17
DOC-APP0006-PS-2,APP0006,LA0006,Payslip,2026-04,"Hoffman, Brown and Cox",15158.89,1433.95,16592.84,3318.57,13274.27,0.0,,,True,0.952,2026-01-17
DOC-APP0006-PS-3,APP0006,LA0006,Payslip,2026-03,Humphrey-Randall,14895.07,1408.99,16304.07,3260.81,13043.26,0.0,,,True,0.921,2026-01-17
DOC-APP0006-NOA-2025,APP0006,LA0006,NOA,2025,,,,,,,,207083.58,6478.5,True,0.951,2026-01-17
DOC-APP0006-NOA-2024,APP0006,LA0006,NOA,2024,,,,,,,,207711.85,6478.5,True,0.938,2026-01-17
DOC-APP0007-PS-1,APP0007,LA0007,Payslip,2026-05,Howell-Matthews,7969.37,504.39,8473.76,1694.75,6779.01,0.0,,,True,0.884,2026-05-13
DOC-APP0007-PS-2,APP0007,LA0007,Payslip,2026-04,Brown-Luna,7937.72,502.39,8440.11,1688.02,6752.09,0.0,,,True,0.817,2026-05-13
DOC-APP0007-PS-3,APP0007,LA0007,Payslip,2026-03,Cook Inc,7802.88,493.85,8296.74,1659.35,6637.39,0.0,,,True,0.833,2026-05-13
DOC-APP0007-NOA-2025,APP0007,LA0007,NOA,2025,,,,,,,,113654.07,3398.5,True,0.986,2026-05-13
DOC-APP0007-NOA-2024,APP0007,LA0007,NOA,2024,,,,,,,,117389.03,3398.5,True,0.966,2026-05-13
DOC-APP0007-COMM,APP0007,LA0007,Commission Statement,2025,"Salas, Hunter and Baker",,,,,,13445.58,,,True,0.933,2026-05-13
DOC-APP0008-PS-1,APP0008,LA0008,Payslip,2026-05,Johnson Inc,21919.54,2638.46,24558.0,4911.6,19646.4,0.0,,,True,0.822,2026-02-21
DOC-APP0008-PS-2,APP0008,LA0008,Payslip,2026-04,Mullins-Johnson,22199.91,2672.21,24872.12,4974.42,19897.7,0.0,,,True,0.984,2026-02-21
DOC-APP0008-PS-3,APP0008,LA0008,Payslip,2026-03,Wilson LLC,22066.74,2656.18,24722.92,4944.58,19778.34,0.0,,,True,0.986,2026-02-21
DOC-APP0008-NOA-2025,APP0008,LA0008,NOA,2025,,,,,,,,350634.97,11130.0,True,0.901,2026-02-21
DOC-APP0008-NOA-2024,APP0008,LA0008,NOA,2024,,,,,,,,345860.04,11130.0,True,0.925,2026-02-21
DOC-APP0009-PS-1,APP0009,LA0009,Payslip,2026-05,"Carson, Freeman and Mason",8891.25,1616.59,10507.84,2101.57,8406.27,0.0,,,True,0.911,2026-01-04
DOC-APP0009-PS-2,APP0009,LA0009,Payslip,2026-04,Payne Inc,8970.24,1630.95,10601.19,2120.24,8480.95,0.0,,,False,0.821,2026-01-04
DOC-APP0009-PS-3,APP0009,LA0009,Payslip,2026-03,"Bradford, Adams and Collins",8659.46,1574.45,10233.9,2046.78,8187.12,0.0,,,True,0.968,2026-01-04
DOC-APP0009-NOA-2025,APP0009,LA0009,NOA,2025,,,,,,,,365788.18,12040.0,True,0.881,2026-01-04
DOC-APP0009-NOA-2024,APP0009,LA0009,NOA,2024,,,,,,,,351280.88,12040.0,True,0.977,2026-01-04
DOC-APP0010-PS-1,APP0010,LA0010,Payslip,2026-05,Miller-Brock,10939.48,994.5,11933.97,2386.79,9547.18,0.0,,,True,0.98,2026-01-27
DOC-APP0010-PS-2,APP0010,LA0010,Payslip,2026-04,Gonzales Ltd,10870.88,988.26,11859.14,2371.83,9487.31,0.0,,,True,0.818,2026-01-27
DOC-APP0010-PS-3,APP0010,LA0010,Payslip,2026-03,"Small, Maxwell and Gibson",11255.59,1023.24,12278.83,2455.77,9823.06,0.0,,,True,0.886,2026-01-27
DOC-APP0010-NOA-2025,APP0010,LA0010,NOA,2025,,,,,,,,177082.72,5414.5,True,0.982,2026-01-27
DOC-APP0010-NOA-2024,APP0010,LA0010,NOA,2024,,,,,,,,173569.72,5414.5,True,0.872,2026-01-27
